"","p.value","cell_type"
"1",2.52179910175843e-09,"counts.CD4T"
"2",1.58075341107769e-17,"counts.NK"
"3",1.1248190021942e-22,"counts.Bcell"
"4",1.58260136049757e-11,"counts.Mono"
"5",9.98160513322591e-15,"counts.Neu"
