"","p.value","cell_type"
"1",0.00325952990484068,"CD4T"
"3",0.00297641634105896,"Bcell"
"4",0.00537900812071055,"Mono"
"5",0.000187898666447344,"Gran"
