"","CD8T","CD4T","NK","Bcell","Mono","Gran"
"GSM1624862_8942334122_R03C01",0.0574167922513559,0.436896748381832,0.0386944941866563,0.0523032267090044,0.270995080734246,0.145221675412199
"GSM1920405_7796806146_R05C02",0.0753419697142446,0.135982809516267,-1.05148310940399e-18,0.125099138419574,0.124868331330076,0.551249528093386
"GSM3267080_101032560039_R02C01",0.270293618675903,0.100263165009286,0.0734416567419279,0.13205043966582,0.0807665959883185,0.382273090005596
